{
  "id": "swords-wizardry",
  "title": "Swords & Wizardry",
  "description": "The Swords & Wizardry system for FoundryVTT!",
  "authors": [
    {
      "name": "T.Straszewski",
      "discord": "---"
    }
  ],
  "url": "https://github.com/tomski80/swords-wizardry",
  "license": "LICENSE.txt",
  "readme": "README.md",
  "bugs": "Replace this with a link to file issues or tickets",
  "changelog": "CHANGELOG.md",
  "media": [
    {
      "type": "setup",
      "url": "systems/swords-wizardry/assets/anvil-impact.png",
      "thumbnail": "systems/swords-wizardry/assets/anvil-impact.png"
    }
  ],
  "version": "0.2.0",
  "compatibility": {
    "minimum": 11,
    "verified": "11.313"
  },
  "esmodules": ["module/swords-wizardry.mjs"],
  "styles": ["css/swords-wizardry.css"],
  "languages": [
    {
      "lang": "en",
      "name": "English",
      "path": "lang/en.json"
    }
  ],
  "packs": [],
  "packFolders": [],
  "socket": false,
  "manifest": "https://github.com/tomski80/swords-wizardry/releases/download/v0.2.0-alpha/system.json",
  "download": "https://github.com/tomski80/swords-wizardry/releases/download/v0.2.0-alpha/swords-wizardry.zip",
  "background": "systems/swords-wizardry/assets/anvil-impact.png",
  "gridDistance": 5,
  "gridUnits": "ft",
  "primaryTokenAttribute": "health",
  "secondaryTokenAttribute": "power"
}
