{
  "Actor": {
    "types": ["character", "npc"],
    "templates": {
      "base": {
        "health": {
          "value": 10,
          "min": 0,
          "max": 10
        },
        "power": {
          "value": 5,
          "min": 0,
          "max": 5
        },
        "save": {
          "value" : 0,
          "min" : 0,
          "max" : 20
        },
        "ac": {
          "value" : 9,
          "min" : -9,
          "max" : 28
        },
        "treasure" : {
          "gold" : 0,
          "gems": 0,
          "misc": 0
        },
        "biography": ""
      }
    },
    "character": {
      "templates": ["base"],
      "attributes": {
        "level": {
          "value": 1
        },
        "xp": {
          "value": 0
        },
        "xp-bonus": {
          "value": 0
        },
        "Class" : "Class",
        "Ancestry" : "Ancestry",
        "Alignment" : "Alignment",
        "Age" : 20,
        "deity" : "Deity",
        "move-rate": {
          "value": 0
        },
        "carryweight" : {
          "value" : 0
        }
      },
      "abilities": {
        "str": {
          "value": 10,
          "prime": true
        },
        "dex": {
          "value": 10,
          "prime": true
        },
        "con": {
          "value": 10,
          "prime": true
        },
        "int": {
          "value": 10,
          "prime": true
        },
        "wis": {
          "value": 10,
          "prime": true
        },
        "cha": {
          "value": 10,
          "prime": true
        }
      },
      "bonuses": {
        "toHit" : {
          "value" : 0
        },
        "OpenDoor" : {
          "value" : 0
        },
        "Damage" : {
          "value" : 0
        },
        "Carry Mod" : {
          "value" : 0
        },
        "toMissiles" : {
          "value" : 0
        },
        "Armour" : {
          "value" : 0
        },
        "HPBonus" : {
          "value" : 0
        },
        "RaiseDeadChance" : {
          "value" : 0
        },
        "AddLanguages" : {
          "value" : 0
        },
        "MaxSpecialHirelings" : {
          "value" : 0
        } 
      },
      "thieving": {
        "climbwalls" : {
          "value" : 0
        },
        "delicatetask" : {
          "value" : 0
        },
        "hearsound" : {
          "value" : 0
        },
        "hideinshadow" : {
          "value" : 0
        },
        "movesilently" : {
          "value" : 0
        },
        "openlocks" : {
          "value" : 0
        }
      },
      "tohitarmour": {
        "-9" : 0,
        "-8" : 0,
        "-7" : 0,
        "-6" : 0,
        "-5" : 0,
        "-4" : 0,
        "-3" : 0,
        "-2" : 0,
        "-1" : 0,
        "+0 " : 0,
        "+1 " : 0,
        "+2 " : 0,
        "+3 " : 0,
        "+4 " : 0,
        "+5 " : 0,
        "+6 " : 0,
        "+7 " : 0,
        "+8 " : 0,
        "+9 " : 0
      }
    },
    "npc": {
      "templates": ["base"],
      "cl": 0,
      "hd": 1,
      "morale": 0,
      "special": "",
      "move-rate": {
        "value" : 12
      },
      "treasure": "",
      "xp": {
        "value" : 100
      },
      "alignment" : "Alignment",
      "description" : "",
      "tohitarmour": {
        "-9" : 0,
        "-8" : 0,
        "-7" : 0,
        "-6" : 0,
        "-5" : 0,
        "-4" : 0,
        "-3" : 0,
        "-2" : 0,
        "-1" : 0,
        "+0" : 0,
        "+1" : 0,
        "+2" : 0,
        "+3" : 0,
        "+4" : 0,
        "+5" : 0,
        "+6" : 0,
        "+7" : 0,
        "+8" : 0,
        "+9" : 0
      }
    }
  },
  "Item": {
    "types": ["item", "feature", "spell", "weapon"],
    "templates": {
      "base": {
        "description": ""
      }
    },
    "item": {
      "templates": ["base"],
      "quantity": 1,
      "weight": 0,
      "formula": "d6"
    },
    "weapon": {
      "templates": ["base"],
      "quantity": 1,
      "weight": 0,
      "formula": "d20 + @toHit.v",
      "hitdamage" : "1d4 + @Damage.v"
    },
    "feature": {
      "templates": ["base"]
    },
    "spell": {
      "templates": ["base"],
      "spellLevel": 1
    }
  }
}
